PROPERTY ADDRESS,AREA,SQ FT,RENT,MESSAGE,PHOTOS
EMPIRE STATE BUILDING,RING ROAD,250,35000,"?? Fully Furnished Office for Rent – Empire State Building ?? Location: M-12, Empire State Building...","1FlbaLnpIbqk7mmrvknULUw9UxtF8msJF,1FlbaLnpIbqk7mmrvknULUw9UxtF8msJF"
EMPIRE STATE BUILDING,RING ROAD,250,35000,"?? Fully Furnished Office for Rent – Empire State Building ?? Location: M-12, Empire State Building...","1FlbaLnpIbqk7mmrvknULUw9UxtF8msJF,1FlbaLnpIbqk7mmrvknULUw9UxtF8msJF"
EMPIRE STATE BUILDING,RING ROAD,250,35000,"?? Fully Furnished Office for Rent – Empire State Building ?? Location: M-12, Empire State Building...","1FlbaLnpIbqk7mmrvknULUw9UxtF8msJF,1FlbaLnpIbqk7mmrvknULUw9UxtF8msJF"
EMPIRE STATE BUILDING,RING ROAD,250,35000,"?? Fully Furnished Office for Rent – Empire State Building ?? Location: M-12, Empire State Building...","1FlbaLnpIbqk7mmrvknULUw9UxtF8msJF,1FlbaLnpIbqk7mmrvknULUw9UxtF8msJF"
EMPIRE STATE BUILDING,RING ROAD,250,35000,"?? Fully Furnished Office for Rent – Empire State Building ?? Location: M-12, Empire State Building...","1FlbaLnpIbqk7mmrvknULUw9UxtF8msJF,1FlbaLnpIbqk7mmrvknULUw9UxtF8msJF"
EMPIRE STATE BUILDING,RING ROAD,250,35000,"?? Fully Furnished Office for Rent – Empire State Building ?? Location: M-12, Empire State Building...","1FlbaLnpIbqk7mmrvknULUw9UxtF8msJF,1FlbaLnpIbqk7mmrvknULUw9UxtF8msJF"
EMPIRE STATE BUILDING,RING ROAD,250,35000,"?? Fully Furnished Office for Rent – Empire State Building ?? Location: M-12, Empire State Building...","1FlbaLnpIbqk7mmrvknULUw9UxtF8msJF,1FlbaLnpIbqk7mmrvknULUw9UxtF8msJF"
EMPIRE STATE BUILDING,RING ROAD,250,35000,"?? Fully Furnished Office for Rent – Empire State Building ?? Location: M-12, Empire State Building...","1FlbaLnpIbqk7mmrvknULUw9UxtF8msJF,1FlbaLnpIbqk7mmrvknULUw9UxtF8msJF"
EMPIRE STATE BUILDING,RING ROAD,250,35000,"?? Fully Furnished Office for Rent – Empire State Building ?? Location: M-12, Empire State Building...","1FlbaLnpIbqk7mmrvknULUw9UxtF8msJF,1FlbaLnpIbqk7mmrvknULUw9UxtF8msJF"
EMPIRE STATE BUILDING,RING ROAD,250,35000,"?? Fully Furnished Office for Rent – Empire State Building ?? Location: M-12, Empire State Building...","1FlbaLnpIbqk7mmrvknULUw9UxtF8msJF,1FlbaLnpIbqk7mmrvknULUw9UxtF8msJF"
EMPIRE STATE BUILDING,RING ROAD,250,35000,"?? Fully Furnished Office for Rent – Empire State Building ?? Location: M-12, Empire State Building...","1FlbaLnpIbqk7mmrvknULUw9UxtF8msJF,1FlbaLnpIbqk7mmrvknULUw9UxtF8msJF"
EMPIRE STATE BUILDING,RING ROAD,250,35000,"?? Fully Furnished Office for Rent – Empire State Building ?? Location: M-12, Empire State Building...","1FlbaLnpIbqk7mmrvknULUw9UxtF8msJF,1FlbaLnpIbqk7mmrvknULUw9UxtF8msJF"
EMPIRE STATE BUILDING,RING ROAD,250,35000,"?? Fully Furnished Office for Rent – Empire State Building ?? Location: M-12, Empire State Building...","1FlbaLnpIbqk7mmrvknULUw9UxtF8msJF,1FlbaLnpIbqk7mmrvknULUw9UxtF8msJF"
EMPIRE STATE BUILDING,RING ROAD,250,35000,"?? Fully Furnished Office for Rent – Empire State Building ?? Location: M-12, Empire State Building...","1FlbaLnpIbqk7mmrvknULUw9UxtF8msJF,1FlbaLnpIbqk7mmrvknULUw9UxtF8msJF"
